[Header],,,,,,,,,,,
Institute Name,"BHK Lab",,,,,,,,,,
Investigator Name,Rene Quevedo,,,,,,,,,,
Project Name,InfiniumOmni2.5-8v1.3_A1,,,,,,,,,,
Date,5/30/2017,,,,,,,,,,
,,,,,,,,,,,
[Manifests],,,,,,,,,,,
A,InfiniumOmni2-5-8v1-3_A1,,,,,,,,,,
,,,,,,,,,,,
[Data],,,,,,,,,,,

Sample_ID,SentrixBarcode_A,SentrixPosition_A,File_ID
Unk1,5495348048,R02C01,_ega-box-147_5495348048_R02C01
Unk2,5495348048,R04C01,_ega-box-147_5495348048_R04C01
Unk3,5636622001,R02C01,_ega-box-147_5636622001_R02C01
Unk4,5636622018,R01C01,_ega-box-147_5636622018_R01C01
Unk5,5636622018,R02C01,_ega-box-147_5636622018_R02C01
Unk6,5636622199,R04C01,_ega-box-147_5636622199_R04C01
Unk7,5636622201,R01C01,_ega-box-147_5636622201_R01C01
Unk8,5636622201,R03C01,_ega-box-147_5636622201_R03C01
Unk9,5745167002,r02c01,_ega-box-147_5745167002_r02c01
Unk10,5745167002,r04c01,_ega-box-147_5745167002_r04c01
Unk11,5745167004,r01c01,_ega-box-147_5745167004_r01c01
Unk12,5745167004,r02c01,_ega-box-147_5745167004_r02c01
Unk13,5745167004,r03c01,_ega-box-147_5745167004_r03c01
Unk14,5745167004,r04c01,_ega-box-147_5745167004_r04c01
Unk15,5745167005,r01c01,_ega-box-147_5745167005_r01c01
Unk16,5745167005,r02c01,_ega-box-147_5745167005_r02c01
Unk17,5745167005,r04c01,_ega-box-147_5745167005_r04c01
Unk18,5745167006,r01c01,_ega-box-147_5745167006_r01c01
Unk19,5745167006,r02c01,_ega-box-147_5745167006_r02c01
Unk20,5745167006,r03c01,_ega-box-147_5745167006_r03c01
Unk21,5745167006,r04c01,_ega-box-147_5745167006_r04c01
Unk22,5745167007,r01c01,_ega-box-147_5745167007_r01c01
Unk23,5745167007,r02c01,_ega-box-147_5745167007_r02c01
Unk24,5745167007,r03c01,_ega-box-147_5745167007_r03c01
Unk25,5745167007,r04c01,_ega-box-147_5745167007_r04c01
Unk26,5745167008,r02c01,_ega-box-147_5745167008_r02c01
Unk27,5745167008,r04c01,_ega-box-147_5745167008_r04c01
Unk28,5745167009,r02c01,_ega-box-147_5745167009_r02c01
Unk29,5745167009,r04c01,_ega-box-147_5745167009_r04c01
Unk30,5745167011,r01c01,_ega-box-147_5745167011_r01c01
Unk31,5745167011,r02c01,_ega-box-147_5745167011_r02c01
Unk32,5745167011,r03c01,_ega-box-147_5745167011_r03c01
Unk33,5745167011,r04c01,_ega-box-147_5745167011_r04c01
Unk34,5745167012,r02c01,_ega-box-147_5745167012_r02c01
Unk35,5745167012,r03c01,_ega-box-147_5745167012_r03c01
Unk36,5745167012,r04c01,_ega-box-147_5745167012_r04c01
Unk37,5745167013,r02c01,_ega-box-147_5745167013_r02c01
Unk38,5745167013,r03c01,_ega-box-147_5745167013_r03c01
Unk39,5745167014,r01c01,_ega-box-147_5745167014_r01c01
Unk40,5745167014,r04c01,_ega-box-147_5745167014_r04c01
Unk41,5745167015,r02c01,_ega-box-147_5745167015_r02c01
Unk42,5745167016,r01c01,_ega-box-147_5745167016_r01c01
Unk43,5745167016,r02c01,_ega-box-147_5745167016_r02c01
Unk44,5745167016,r04c01,_ega-box-147_5745167016_r04c01
Unk45,5745167019,r01c01,_ega-box-147_5745167019_r01c01
Unk46,5745167019,r02c01,_ega-box-147_5745167019_r02c01
Unk47,5745167019,r04c01,_ega-box-147_5745167019_r04c01
Unk48,5745167021,r02c01,_ega-box-147_5745167021_r02c01
Unk49,5745167021,r04c01,_ega-box-147_5745167021_r04c01
Unk50,5745167024,r01c01,_ega-box-147_5745167024_r01c01
Unk51,5745167024,r02c01,_ega-box-147_5745167024_r02c01
Unk52,5745167024,r03c01,_ega-box-147_5745167024_r03c01
Unk53,5745167024,r04c01,_ega-box-147_5745167024_r04c01
Unk54,5745167025,r03c01,_ega-box-147_5745167025_r03c01
Unk55,5745167027,r02c01,_ega-box-147_5745167027_r02c01
Unk56,5745167027,r04c01,_ega-box-147_5745167027_r04c01
Unk57,5745167033,r01c01,_ega-box-147_5745167033_r01c01
Unk58,5745167033,r02c01,_ega-box-147_5745167033_r02c01
Unk59,5745167033,r04c01,_ega-box-147_5745167033_r04c01
Unk60,5745167038,r02c01,_ega-box-147_5745167038_r02c01
Unk61,5745167038,r04c01,_ega-box-147_5745167038_r04c01
Unk62,5745167040,r02c01,_ega-box-147_5745167040_r02c01
Unk63,5745167041,r02c01,_ega-box-147_5745167041_r02c01
Unk64,5745167041,r03c01,_ega-box-147_5745167041_r03c01
Unk65,5745167041,r04c01,_ega-box-147_5745167041_r04c01
Unk66,5745167042,r01c01,_ega-box-147_5745167042_r01c01
Unk67,5745167042,r02c01,_ega-box-147_5745167042_r02c01
Unk68,5745167042,r03c01,_ega-box-147_5745167042_r03c01
Unk69,5745167043,r01c01,_ega-box-147_5745167043_r01c01
Unk70,5745167043,r02c01,_ega-box-147_5745167043_r02c01
Unk71,5745167043,r04c01,_ega-box-147_5745167043_r04c01
Unk72,5745167056,r02c01,_ega-box-147_5745167056_r02c01
Unk73,5745167057,r02c01,_ega-box-147_5745167057_r02c01
Unk74,5745167057,r04c01,_ega-box-147_5745167057_r04c01
Unk75,5745781005,r01c01,_ega-box-147_5745781005_r01c01
Unk76,5745781005,r02c01,_ega-box-147_5745781005_r02c01
Unk77,5745781005,r03c01,_ega-box-147_5745781005_r03c01
Unk78,5745781005,r04c01,_ega-box-147_5745781005_r04c01
Unk79,5745781018,r01c01,_ega-box-147_5745781018_r01c01
Unk80,5745781018,r02c01,_ega-box-147_5745781018_r02c01
Unk81,5745781018,r03c01,_ega-box-147_5745781018_r03c01
Unk82,5745781018,r04c01,_ega-box-147_5745781018_r04c01
Unk83,5745781021,r02c01,_ega-box-147_5745781021_r02c01
Unk84,5745781021,r03c01,_ega-box-147_5745781021_r03c01
Unk85,5745781025,r01c01,_ega-box-147_5745781025_r01c01
Unk86,5745781025,r02c01,_ega-box-147_5745781025_r02c01
Unk87,5745781025,r04c01,_ega-box-147_5745781025_r04c01
Unk88,5745781026,r02c01,_ega-box-147_5745781026_r02c01
Unk89,5745781026,r04c01,_ega-box-147_5745781026_r04c01
Unk90,5745781027,r01c01,_ega-box-147_5745781027_r01c01
Unk91,5745781027,r02c01,_ega-box-147_5745781027_r02c01
Unk92,5745781027,r03c01,_ega-box-147_5745781027_r03c01
Unk93,5745781027,r04c01,_ega-box-147_5745781027_r04c01
Unk94,5745781044,r01c01,_ega-box-147_5745781044_r01c01
Unk95,5745781051,r02c01,_ega-box-147_5745781051_r02c01
Unk96,5745781059,r01c01,_ega-box-147_5745781059_r01c01
Unk97,5745781060,r02c01,_ega-box-147_5745781060_r02c01
Unk98,5745781060,r03c01,_ega-box-147_5745781060_r03c01
Unk99,5745781060,r04c01,_ega-box-147_5745781060_r04c01
Unk100,5745896012,r01c01,_ega-box-147_5745896012_r01c01
Unk101,5745896025,r01c01,_ega-box-147_5745896025_r01c01
Unk102,5745896025,r02c01,_ega-box-147_5745896025_r02c01
Unk103,5745896025,r03c01,_ega-box-147_5745896025_r03c01
Unk104,5745896025,r04c01,_ega-box-147_5745896025_r04c01
Unk105,5745896026,r04c01,_ega-box-147_5745896026_r04c01
Unk106,5745896050,r01c01,_ega-box-147_5745896050_r01c01
Unk107,5745896050,r04c01,_ega-box-147_5745896050_r04c01
Unk108,5745896053,r02c01,_ega-box-147_5745896053_r02c01
Unk109,5745896053,r03c01,_ega-box-147_5745896053_r03c01
Unk110,5745896053,r04c01,_ega-box-147_5745896053_r04c01
Unk111,5745896058,r02c01,_ega-box-147_5745896058_r02c01
Unk112,5745968008,r01c01,_ega-box-147_5745968008_r01c01
Unk113,5745968008,r02c01,_ega-box-147_5745968008_r02c01
Unk114,5745968008,r03c01,_ega-box-147_5745968008_r03c01
Unk115,5745968008,r04c01,_ega-box-147_5745968008_r04c01
Unk116,5745968009,r01c01,_ega-box-147_5745968009_r01c01
Unk117,5745968009,r04c01,_ega-box-147_5745968009_r04c01
Unk118,5745968010,r01c01,_ega-box-147_5745968010_r01c01
Unk119,5745968010,r02c01,_ega-box-147_5745968010_r02c01
Unk120,5745968010,r03c01,_ega-box-147_5745968010_r03c01
Unk121,5745968010,r04c01,_ega-box-147_5745968010_r04c01
Unk122,5745968011,r01c01,_ega-box-147_5745968011_r01c01
Unk123,5745968011,r04c01,_ega-box-147_5745968011_r04c01
Unk124,5745976002,r02c01,_ega-box-147_5745976002_r02c01
Unk125,5745976002,r04c01,_ega-box-147_5745976002_r04c01
Unk126,5745976003,r03c01,_ega-box-147_5745976003_r03c01
Unk127,5745976004,r03c01,_ega-box-147_5745976004_r03c01
Unk128,5745976004,r04c01,_ega-box-147_5745976004_r04c01
Unk129,5745976005,r03c01,_ega-box-147_5745976005_r03c01
Unk130,5745976006,r01c01,_ega-box-147_5745976006_r01c01
Unk131,5745976006,r02c01,_ega-box-147_5745976006_r02c01
Unk132,5745976006,r04c01,_ega-box-147_5745976006_r04c01
Unk133,5745976007,r02c01,_ega-box-147_5745976007_r02c01
Unk134,5745976007,r04c01,_ega-box-147_5745976007_r04c01
Unk135,5745976008,r01c01,_ega-box-147_5745976008_r01c01
Unk136,5745976008,r03c01,_ega-box-147_5745976008_r03c01
Unk137,5745976008,r04c01,_ega-box-147_5745976008_r04c01
Unk138,5745976010,r01c01,_ega-box-147_5745976010_r01c01
Unk139,5745976010,r02c01,_ega-box-147_5745976010_r02c01
Unk140,5745976010,r04c01,_ega-box-147_5745976010_r04c01
Unk141,5745976011,r01c01,_ega-box-147_5745976011_r01c01
Unk142,5745976012,r01c01,_ega-box-147_5745976012_r01c01
Unk143,5745976012,r02c01,_ega-box-147_5745976012_r02c01
Unk144,5745976012,r04c01,_ega-box-147_5745976012_r04c01
Unk145,5745976013,r01c01,_ega-box-147_5745976013_r01c01
Unk146,5745976013,r02c01,_ega-box-147_5745976013_r02c01
Unk147,5745976013,r03c01,_ega-box-147_5745976013_r03c01
Unk148,5745976014,r01c01,_ega-box-147_5745976014_r01c01
Unk149,5745976014,r03c01,_ega-box-147_5745976014_r03c01
Unk150,5745976014,r04c01,_ega-box-147_5745976014_r04c01
Unk151,5745976016,r01c01,_ega-box-147_5745976016_r01c01
Unk152,5745976016,r02c01,_ega-box-147_5745976016_r02c01
Unk153,5745976016,r03c01,_ega-box-147_5745976016_r03c01
Unk154,5745976016,r04c01,_ega-box-147_5745976016_r04c01
Unk155,5745976017,r01c01,_ega-box-147_5745976017_r01c01
Unk156,5745976017,r02c01,_ega-box-147_5745976017_r02c01
Unk157,5745976017,r04c01,_ega-box-147_5745976017_r04c01
Unk158,5745976019,r01c01,_ega-box-147_5745976019_r01c01
Unk159,5745976019,r02c01,_ega-box-147_5745976019_r02c01
Unk160,5745976019,r03c01,_ega-box-147_5745976019_r03c01
Unk161,5745976019,r04c01,_ega-box-147_5745976019_r04c01
Unk162,5745976020,r01c01,_ega-box-147_5745976020_r01c01
Unk163,5745976020,r02c01,_ega-box-147_5745976020_r02c01
Unk164,5745976020,r03c01,_ega-box-147_5745976020_r03c01
Unk165,5745976020,r04c01,_ega-box-147_5745976020_r04c01
Unk166,5745976022,r01c01,_ega-box-147_5745976022_r01c01
Unk167,5745976022,r02c01,_ega-box-147_5745976022_r02c01
Unk168,5745976022,r03c01,_ega-box-147_5745976022_r03c01
Unk169,5745976022,r04c01,_ega-box-147_5745976022_r04c01
Unk170,5745976023,r01c01,_ega-box-147_5745976023_r01c01
Unk171,5745976023,r02c01,_ega-box-147_5745976023_r02c01
Unk172,5745976023,r03c01,_ega-box-147_5745976023_r03c01
Unk173,5745976023,r04c01,_ega-box-147_5745976023_r04c01
Unk174,5745976024,r01c01,_ega-box-147_5745976024_r01c01
Unk175,5745976024,r03c01,_ega-box-147_5745976024_r03c01
Unk176,5745976024,r04c01,_ega-box-147_5745976024_r04c01
Unk177,5745976025,r01c01,_ega-box-147_5745976025_r01c01
Unk178,5745976025,r02c01,_ega-box-147_5745976025_r02c01
Unk179,5745976025,r03c01,_ega-box-147_5745976025_r03c01
Unk180,5745976026,r01c01,_ega-box-147_5745976026_r01c01
Unk181,5745976026,r03c01,_ega-box-147_5745976026_r03c01
Unk182,5745976027,r02c01,_ega-box-147_5745976027_r02c01
Unk183,5745976027,r03c01,_ega-box-147_5745976027_r03c01
Unk184,5745976027,r04c01,_ega-box-147_5745976027_r04c01
Unk185,5745976028,r01c01,_ega-box-147_5745976028_r01c01
Unk186,5745976028,r02c01,_ega-box-147_5745976028_r02c01
Unk187,5745976028,r04c01,_ega-box-147_5745976028_r04c01
Unk188,5745976029,r01c01,_ega-box-147_5745976029_r01c01
Unk189,5745976029,r03c01,_ega-box-147_5745976029_r03c01
Unk190,5745976029,r04c01,_ega-box-147_5745976029_r04c01
Unk191,5745976030,r02c01,_ega-box-147_5745976030_r02c01
Unk192,5745976030,r03c01,_ega-box-147_5745976030_r03c01
Unk193,5745976030,r04c01,_ega-box-147_5745976030_r04c01
Unk194,5745976031,r02c01,_ega-box-147_5745976031_r02c01
Unk195,5745976031,r04c01,_ega-box-147_5745976031_r04c01
Unk196,5745976032,r02c01,_ega-box-147_5745976032_r02c01
Unk197,5745976032,r04c01,_ega-box-147_5745976032_r04c01
Unk198,5745976033,r02c01,_ega-box-147_5745976033_r02c01
Unk199,5745976033,r04c01,_ega-box-147_5745976033_r04c01
Unk200,5745976034,r02c01,_ega-box-147_5745976034_r02c01
Unk201,5745976034,r04c01,_ega-box-147_5745976034_r04c01
Unk202,5745976036,r01c01,_ega-box-147_5745976036_r01c01
Unk203,5745976036,r02c01,_ega-box-147_5745976036_r02c01
Unk204,5745976036,r03c01,_ega-box-147_5745976036_r03c01
Unk205,5745976036,r04c01,_ega-box-147_5745976036_r04c01
Unk206,5745976038,r01c01,_ega-box-147_5745976038_r01c01
Unk207,5745976038,r02c01,_ega-box-147_5745976038_r02c01
Unk208,5745976038,r03c01,_ega-box-147_5745976038_r03c01
Unk209,5745976038,r04c01,_ega-box-147_5745976038_r04c01
Unk210,5745976039,r01c01,_ega-box-147_5745976039_r01c01
Unk211,5745976039,r02c01,_ega-box-147_5745976039_r02c01
Unk212,5745976039,r03c01,_ega-box-147_5745976039_r03c01
Unk213,5745976040,r02c01,_ega-box-147_5745976040_r02c01
Unk214,5745976043,r01c01,_ega-box-147_5745976043_r01c01
Unk215,5745976043,r03c01,_ega-box-147_5745976043_r03c01
Unk216,5745976043,r04c01,_ega-box-147_5745976043_r04c01
Unk217,5745976044,r01c01,_ega-box-147_5745976044_r01c01
Unk218,5745976044,r03c01,_ega-box-147_5745976044_r03c01
Unk219,5745976044,r04c01,_ega-box-147_5745976044_r04c01
Unk220,5745976045,r01c01,_ega-box-147_5745976045_r01c01
Unk221,5745976045,r02c01,_ega-box-147_5745976045_r02c01
Unk222,5745976045,r04c01,_ega-box-147_5745976045_r04c01
Unk223,5745976051,r01c01,_ega-box-147_5745976051_r01c01
Unk224,5745976051,r02c01,_ega-box-147_5745976051_r02c01
Unk225,5745976051,r03c01,_ega-box-147_5745976051_r03c01
Unk226,5745976052,r01c01,_ega-box-147_5745976052_r01c01
Unk227,5745976052,r02c01,_ega-box-147_5745976052_r02c01
Unk228,5745976052,r04c01,_ega-box-147_5745976052_r04c01
Unk229,5745976053,r01c01,_ega-box-147_5745976053_r01c01
Unk230,5745976053,r02c01,_ega-box-147_5745976053_r02c01
Unk231,5745976053,r03c01,_ega-box-147_5745976053_r03c01
Unk232,5745976053,r04c01,_ega-box-147_5745976053_r04c01
Unk233,5745976054,r01c01,_ega-box-147_5745976054_r01c01
Unk234,5745976054,r02c01,_ega-box-147_5745976054_r02c01
Unk235,5745976054,r03c01,_ega-box-147_5745976054_r03c01
Unk236,5745976054,r04c01,_ega-box-147_5745976054_r04c01
Unk237,5745976055,r01c01,_ega-box-147_5745976055_r01c01
Unk238,5745976055,r02c01,_ega-box-147_5745976055_r02c01
Unk239,5745976055,r03c01,_ega-box-147_5745976055_r03c01
Unk240,5745976055,r04c01,_ega-box-147_5745976055_r04c01
Unk241,5745976056,r02c01,_ega-box-147_5745976056_r02c01
Unk242,5745976056,r03c01,_ega-box-147_5745976056_r03c01
Unk243,5745976056,r04c01,_ega-box-147_5745976056_r04c01
Unk244,5745976057,r01c01,_ega-box-147_5745976057_r01c01
Unk245,5745976057,r02c01,_ega-box-147_5745976057_r02c01
Unk246,5745976057,r03c01,_ega-box-147_5745976057_r03c01
Unk247,5745976057,r04c01,_ega-box-147_5745976057_r04c01
Unk248,5745976058,r01c01,_ega-box-147_5745976058_r01c01
Unk249,5745976058,r03c01,_ega-box-147_5745976058_r03c01
Unk250,5745976059,r04c01,_ega-box-147_5745976059_r04c01
Unk251,5745976060,r01c01,_ega-box-147_5745976060_r01c01
Unk252,5745976060,r03c01,_ega-box-147_5745976060_r03c01
Unk253,5745976060,r04c01,_ega-box-147_5745976060_r04c01
Unk254,6246968095,r03c01,_ega-box-147_6246968095_r03c01
Unk255,6298012021,R04C01,_ega-box-147_6298012021_R04C01
Unk256,6298012062,R01C01,_ega-box-147_6298012062_R01C01
Unk257,6298012062,R02C01,_ega-box-147_6298012062_R02C01
Unk258,6298012062,R03C01,_ega-box-147_6298012062_R03C01
Unk259,6298012062,r04c01,_ega-box-147_6298012062_r04c01
Unk260,6298012089,R02C01,_ega-box-147_6298012089_R02C01
Unk261,6298012089,R03C01,_ega-box-147_6298012089_R03C01
Unk262,6298012089,R04C01,_ega-box-147_6298012089_R04C01
Unk263,6298021001,R01C01,_ega-box-147_6298021001_R01C01
Unk264,6298021001,R02C01,_ega-box-147_6298021001_R02C01
Unk265,6298021001,R03C01,_ega-box-147_6298021001_R03C01
Unk266,6298021001,R04C01,_ega-box-147_6298021001_R04C01
Unk267,6298021010,R01C01,_ega-box-147_6298021010_R01C01
Unk268,6298021011,r02c01,_ega-box-147_6298021011_r02c01
Unk269,6298021011,r03c01,_ega-box-147_6298021011_r03c01
Unk270,6298021011,r04c01,_ega-box-147_6298021011_r04c01
Unk271,6298021023,R01C01,_ega-box-147_6298021023_R01C01
Unk272,6298021023,R02C01,_ega-box-147_6298021023_R02C01
Unk273,6298021023,R03C01,_ega-box-147_6298021023_R03C01
Unk274,6298021023,R04C01,_ega-box-147_6298021023_R04C01
Unk275,6298021029,R01C01,_ega-box-147_6298021029_R01C01
Unk276,6298021029,R02C01,_ega-box-147_6298021029_R02C01
Unk277,6298021029,R03C01,_ega-box-147_6298021029_R03C01
Unk278,6298021029,R04C01,_ega-box-147_6298021029_R04C01
Unk279,6298021031,R01C01,_ega-box-147_6298021031_R01C01
Unk280,6298021031,R02C01,_ega-box-147_6298021031_R02C01
Unk281,6298021031,R03C01,_ega-box-147_6298021031_R03C01
Unk282,6298021031,R04C01,_ega-box-147_6298021031_R04C01
Unk283,6298021037,r01c01,_ega-box-147_6298021037_r01c01
Unk284,6298021037,r02c01,_ega-box-147_6298021037_r02c01
Unk285,6298021037,r03c01,_ega-box-147_6298021037_r03c01
Unk286,6298021037,r04c01,_ega-box-147_6298021037_r04c01
Unk287,6298021040,r01c01,_ega-box-147_6298021040_r01c01
Unk288,6298021040,r02c01,_ega-box-147_6298021040_r02c01
Unk289,6298021040,r03c01,_ega-box-147_6298021040_r03c01
Unk290,6298021043,R01C01,_ega-box-147_6298021043_R01C01
Unk291,6298021043,R02C01,_ega-box-147_6298021043_R02C01
Unk292,6298021043,R03C01,_ega-box-147_6298021043_R03C01
Unk293,6298021043,R04C01,_ega-box-147_6298021043_R04C01
Unk294,6298021049,R01C01,_ega-box-147_6298021049_R01C01
Unk295,6298021049,R02C01,_ega-box-147_6298021049_R02C01
Unk296,6298021049,R03C01,_ega-box-147_6298021049_R03C01
Unk297,6298021049,R04C01,_ega-box-147_6298021049_R04C01
Unk298,6298021056,R02C01,_ega-box-147_6298021056_R02C01
Unk299,6298021056,R03C01,_ega-box-147_6298021056_R03C01
Unk300,6298021059,R01C01,_ega-box-147_6298021059_R01C01
Unk301,6298021059,R02C01,_ega-box-147_6298021059_R02C01
Unk302,6298021059,R03C01,_ega-box-147_6298021059_R03C01
Unk303,6298021059,R04C01,_ega-box-147_6298021059_R04C01
Unk304,6298021088,r01c01,_ega-box-147_6298021088_r01c01
Unk305,6298021088,r03c01,_ega-box-147_6298021088_r03c01
Unk306,6312937092,R01C01,_ega-box-147_6312937092_R01C01
Unk307,6312937092,R02C01,_ega-box-147_6312937092_R02C01
Unk308,6312937092,R03C01,_ega-box-147_6312937092_R03C01
Unk309,6312937092,R04C01,_ega-box-147_6312937092_R04C01
Unk310,6312937096,R01C01,_ega-box-147_6312937096_R01C01
Unk311,6312937096,R02C01,_ega-box-147_6312937096_R02C01
Unk312,6312937096,R03C01,_ega-box-147_6312937096_R03C01
Unk313,6312937096,R04C01,_ega-box-147_6312937096_R04C01
Unk314,6312937101,r01c01,_ega-box-147_6312937101_r01c01
Unk315,6312937101,r02c01,_ega-box-147_6312937101_r02c01
Unk316,6312937101,r03c01,_ega-box-147_6312937101_r03c01
Unk317,6312937101,r04c01,_ega-box-147_6312937101_r04c01
Unk318,6312945089,R01C01,_ega-box-147_6312945089_R01C01
Unk319,6312945089,R03C01,_ega-box-147_6312945089_R03C01
Unk320,6312945089,R04C01,_ega-box-147_6312945089_R04C01
Unk321,6312945090,R01C01,_ega-box-147_6312945090_R01C01
Unk322,6312945090,R02C01,_ega-box-147_6312945090_R02C01
Unk323,6312945090,R03C01,_ega-box-147_6312945090_R03C01
Unk324,6312945090,R04C01,_ega-box-147_6312945090_R04C01
Unk325,6317375001,r01c01,_ega-box-147_6317375001_r01c01
Unk326,6317375001,r02c01,_ega-box-147_6317375001_r02c01
Unk327,6317375001,r03c01,_ega-box-147_6317375001_r03c01
Unk328,6317375001,r04c01,_ega-box-147_6317375001_r04c01
Unk329,6317375044,r01c01,_ega-box-147_6317375044_r01c01
Unk330,6317375044,r02c01,_ega-box-147_6317375044_r02c01
Unk331,6317375044,r03c01,_ega-box-147_6317375044_r03c01
Unk332,6317375044,r04c01,_ega-box-147_6317375044_r04c01
Unk333,6317375045,R01C01,_ega-box-147_6317375045_R01C01
Unk334,6317375045,R02C01,_ega-box-147_6317375045_R02C01
Unk335,6317375045,R03C01,_ega-box-147_6317375045_R03C01
Unk336,6317375045,R04C01,_ega-box-147_6317375045_R04C01
Unk337,6317375061,r02c01,_ega-box-147_6317375061_r02c01
Unk338,6317375065,R01C01,_ega-box-147_6317375065_R01C01
Unk339,6317375065,R02C01,_ega-box-147_6317375065_R02C01
Unk340,6317375065,R03C01,_ega-box-147_6317375065_R03C01
Unk341,6317375065,R04C01,_ega-box-147_6317375065_R04C01
Unk342,6317375069,r02c01,_ega-box-147_6317375069_r02c01
Unk343,6317375069,r03c01,_ega-box-147_6317375069_r03c01
Unk344,6317375069,r04c01,_ega-box-147_6317375069_r04c01
Unk345,6317375082,R01C01,_ega-box-147_6317375082_R01C01
Unk346,6317375082,R02C01,_ega-box-147_6317375082_R02C01
Unk347,6317375082,R03C01,_ega-box-147_6317375082_R03C01
Unk348,6317375082,R04C01,_ega-box-147_6317375082_R04C01
Unk349,6317375083,r01c01,_ega-box-147_6317375083_r01c01
Unk350,6317375083,r02c01,_ega-box-147_6317375083_r02c01
Unk351,6317375083,r03c01,_ega-box-147_6317375083_r03c01
Unk352,6317375083,r04c01,_ega-box-147_6317375083_r04c01
Unk353,6317375087,R01C01,_ega-box-147_6317375087_R01C01
Unk354,6317375087,R02C01,_ega-box-147_6317375087_R02C01
Unk355,6317375087,R04C01,_ega-box-147_6317375087_R04C01
Unk356,6317375089,r01c01,_ega-box-147_6317375089_r01c01
Unk357,6317375089,r02c01,_ega-box-147_6317375089_r02c01
Unk358,6317375089,r03c01,_ega-box-147_6317375089_r03c01
Unk359,6317375089,r04c01,_ega-box-147_6317375089_r04c01
Unk360,6317375090,r02c01,_ega-box-147_6317375090_r02c01
Unk361,6317375090,r03c01,_ega-box-147_6317375090_r03c01
Unk362,6317375090,r04c01,_ega-box-147_6317375090_r04c01
Unk363,6317375095,r01c01,_ega-box-147_6317375095_r01c01
Unk364,6317375095,r02c01,_ega-box-147_6317375095_r02c01
Unk365,6317375095,r03c01,_ega-box-147_6317375095_r03c01
Unk366,6317375095,r04c01,_ega-box-147_6317375095_r04c01
Unk367,6317375096,r02c01,_ega-box-147_6317375096_r02c01
Unk368,6317375096,r03c01,_ega-box-147_6317375096_r03c01
Unk369,6317375096,r04c01,_ega-box-147_6317375096_r04c01
Unk370,6317375105,r01c01,_ega-box-147_6317375105_r01c01
Unk371,6317375105,r02c01,_ega-box-147_6317375105_r02c01
Unk372,6317375105,r03c01,_ega-box-147_6317375105_r03c01
Unk373,6317375105,r04c01,_ega-box-147_6317375105_r04c01
Unk374,6317375106,R01C01,_ega-box-147_6317375106_R01C01
Unk375,6317375106,R02C01,_ega-box-147_6317375106_R02C01
Unk376,6317375106,R03C01,_ega-box-147_6317375106_R03C01
Unk377,6317375106,R04C01,_ega-box-147_6317375106_R04C01
Unk378,6317375107,r01c01,_ega-box-147_6317375107_r01c01
Unk379,6317375107,r02c01,_ega-box-147_6317375107_r02c01
Unk380,6317375107,r03c01,_ega-box-147_6317375107_r03c01
Unk381,6317375107,r04c01,_ega-box-147_6317375107_r04c01
Unk382,6317375111,R02C01,_ega-box-147_6317375111_R02C01
Unk383,6317375111,R03C01,_ega-box-147_6317375111_R03C01
Unk384,6317375111,R04C01,_ega-box-147_6317375111_R04C01
Unk385,6317383018,r01c01,_ega-box-147_6317383018_r01c01
Unk386,6317383018,r02c01,_ega-box-147_6317383018_r02c01
Unk387,6317383018,r03c01,_ega-box-147_6317383018_r03c01
Unk388,6317383018,r04c01,_ega-box-147_6317383018_r04c01
Unk389,6317383021,r01c01,_ega-box-147_6317383021_r01c01
Unk390,6317383021,r02c01,_ega-box-147_6317383021_r02c01
Unk391,6317383022,r02c01,_ega-box-147_6317383022_r02c01
Unk392,6317383022,r03c01,_ega-box-147_6317383022_r03c01
Unk393,6317383022,r04c01,_ega-box-147_6317383022_r04c01
Unk394,6317383025,r01c01,_ega-box-147_6317383025_r01c01
Unk395,6317383025,r02c01,_ega-box-147_6317383025_r02c01
Unk396,6317383025,r03c01,_ega-box-147_6317383025_r03c01
Unk397,6317383025,r04c01,_ega-box-147_6317383025_r04c01
Unk398,6317383028,r03c01,_ega-box-147_6317383028_r03c01
Unk399,6317383030,r01c01,_ega-box-147_6317383030_r01c01
Unk400,6317383030,r02c01,_ega-box-147_6317383030_r02c01
Unk401,6317383047,r01c01,_ega-box-147_6317383047_r01c01
Unk402,6317383047,r03c01,_ega-box-147_6317383047_r03c01
Unk403,6317391011,R01C01,_ega-box-147_6317391011_R01C01
Unk404,6317391011,R02C01,_ega-box-147_6317391011_R02C01
Unk405,6317391011,R03C01,_ega-box-147_6317391011_R03C01
Unk406,6317391011,R04C01,_ega-box-147_6317391011_R04C01
Unk407,6317391046,R01C01,_ega-box-147_6317391046_R01C01
Unk408,6317391046,R02C01,_ega-box-147_6317391046_R02C01
Unk409,6317391046,R03C01,_ega-box-147_6317391046_R03C01
Unk410,6317391046,R04C01,_ega-box-147_6317391046_R04C01
Unk411,6317391047,R02C01,_ega-box-147_6317391047_R02C01
Unk412,6317391047,R04C01,_ega-box-147_6317391047_R04C01
Unk413,6317391048,R01C01,_ega-box-147_6317391048_R01C01
Unk414,6317391048,R02C01,_ega-box-147_6317391048_R02C01
Unk415,6317391048,R03C01,_ega-box-147_6317391048_R03C01
Unk416,6317391048,R04C01,_ega-box-147_6317391048_R04C01
Unk417,6317391089,R01C01,_ega-box-147_6317391089_R01C01
Unk418,6317391089,R02C01,_ega-box-147_6317391089_R02C01
Unk419,6317391089,R03C01,_ega-box-147_6317391089_R03C01
Unk420,6317391089,R04C01,_ega-box-147_6317391089_R04C01
Unk421,6317404002,R01C01,_ega-box-147_6317404002_R01C01
Unk422,6317404002,R02C01,_ega-box-147_6317404002_R02C01
Unk423,6317404002,R03C01,_ega-box-147_6317404002_R03C01
Unk424,6317404002,R04C01,_ega-box-147_6317404002_R04C01
Unk425,6317404003,R01C01,_ega-box-147_6317404003_R01C01
Unk426,6317404003,R03C01,_ega-box-147_6317404003_R03C01
Unk427,6317404003,R04C01,_ega-box-147_6317404003_R04C01
Unk428,6317404005,R01C01,_ega-box-147_6317404005_R01C01
Unk429,6317404005,R02C01,_ega-box-147_6317404005_R02C01
Unk430,6317404005,R03C01,_ega-box-147_6317404005_R03C01
Unk431,6317404005,R04C01,_ega-box-147_6317404005_R04C01
Unk432,6317404006,r01c01,_ega-box-147_6317404006_r01c01
Unk433,6317404006,r02c01,_ega-box-147_6317404006_r02c01
Unk434,6317404006,r03c01,_ega-box-147_6317404006_r03c01
Unk435,6317404006,r04c01,_ega-box-147_6317404006_r04c01
Unk436,6317404009,R01C01,_ega-box-147_6317404009_R01C01
Unk437,6317404009,R02C01,_ega-box-147_6317404009_R02C01
Unk438,6317404009,R03C01,_ega-box-147_6317404009_R03C01
Unk439,6317404009,R04C01,_ega-box-147_6317404009_R04C01
Unk440,6317404010,R02C01,_ega-box-147_6317404010_R02C01
Unk441,6317404012,r03c01,_ega-box-147_6317404012_r03c01
Unk442,6317404012,r04c01,_ega-box-147_6317404012_r04c01
Unk443,6317404016,R01C01,_ega-box-147_6317404016_R01C01
Unk444,6317404016,R02C01,_ega-box-147_6317404016_R02C01
Unk445,6317404017,r01c01,_ega-box-147_6317404017_r01c01
Unk446,6317404017,r02c01,_ega-box-147_6317404017_r02c01
Unk447,6317404018,r01c01,_ega-box-147_6317404018_r01c01
Unk448,6317404018,r02c01,_ega-box-147_6317404018_r02c01
Unk449,6317404018,r03c01,_ega-box-147_6317404018_r03c01
Unk450,6317404018,r04c01,_ega-box-147_6317404018_r04c01
Unk451,6317404019,R01C01,_ega-box-147_6317404019_R01C01
Unk452,6317404019,R02C01,_ega-box-147_6317404019_R02C01
Unk453,6317404019,R03C01,_ega-box-147_6317404019_R03C01
Unk454,6317404019,R04C01,_ega-box-147_6317404019_R04C01
Unk455,6317404020,R01C01,_ega-box-147_6317404020_R01C01
Unk456,6317404020,R02C01,_ega-box-147_6317404020_R02C01
Unk457,6317404020,R03C01,_ega-box-147_6317404020_R03C01
Unk458,6317404020,R04C01,_ega-box-147_6317404020_R04C01
Unk459,6317404021,R02C01,_ega-box-147_6317404021_R02C01
Unk460,6317404021,R03C01,_ega-box-147_6317404021_R03C01
Unk461,6317404022,r01c01,_ega-box-147_6317404022_r01c01
Unk462,6317404022,r02c01,_ega-box-147_6317404022_r02c01
Unk463,6317404022,r03c01,_ega-box-147_6317404022_r03c01
Unk464,6317404022,r04c01,_ega-box-147_6317404022_r04c01
Unk465,6317404023,r01c01,_ega-box-147_6317404023_r01c01
Unk466,6317404023,r02c01,_ega-box-147_6317404023_r02c01
Unk467,6317404023,r03c01,_ega-box-147_6317404023_r03c01
Unk468,6317404023,r04c01,_ega-box-147_6317404023_r04c01
Unk469,6317404024,r03c01,_ega-box-147_6317404024_r03c01
Unk470,6317404025,r01c01,_ega-box-147_6317404025_r01c01
Unk471,6317404025,r02c01,_ega-box-147_6317404025_r02c01
Unk472,6317404025,r03c01,_ega-box-147_6317404025_r03c01
Unk473,6317404025,r04c01,_ega-box-147_6317404025_r04c01
Unk474,6317404026,R01C01,_ega-box-147_6317404026_R01C01
Unk475,6317404026,R02C01,_ega-box-147_6317404026_R02C01
Unk476,6317404026,R03C01,_ega-box-147_6317404026_R03C01
Unk477,6317404026,R04C01,_ega-box-147_6317404026_R04C01
Unk478,6317404027,R01C01,_ega-box-147_6317404027_R01C01
Unk479,6317404027,R02C01,_ega-box-147_6317404027_R02C01
Unk480,6317404027,R03C01,_ega-box-147_6317404027_R03C01
Unk481,6317404027,R04C01,_ega-box-147_6317404027_R04C01
Unk482,6317404030,R01C01,_ega-box-147_6317404030_R01C01
Unk483,6317404030,R04C01,_ega-box-147_6317404030_R04C01
Unk484,6317404031,R01C01,_ega-box-147_6317404031_R01C01
Unk485,6317404031,R02C01,_ega-box-147_6317404031_R02C01
Unk486,6317404031,R03C01,_ega-box-147_6317404031_R03C01
Unk487,6317404031,R04C01,_ega-box-147_6317404031_R04C01
Unk488,6317404032,r01c01,_ega-box-147_6317404032_r01c01
Unk489,6317404032,r02c01,_ega-box-147_6317404032_r02c01
Unk490,6317404032,r03c01,_ega-box-147_6317404032_r03c01
Unk491,6317404032,r04c01,_ega-box-147_6317404032_r04c01
Unk492,6317404034,R01C01,_ega-box-147_6317404034_R01C01
Unk493,6317404034,R02C01,_ega-box-147_6317404034_R02C01
Unk494,6317404034,R03C01,_ega-box-147_6317404034_R03C01
Unk495,6317404034,R04C01,_ega-box-147_6317404034_R04C01
Unk496,6317404035,R01C01,_ega-box-147_6317404035_R01C01
Unk497,6317404035,R02C01,_ega-box-147_6317404035_R02C01
Unk498,6317404035,R03C01,_ega-box-147_6317404035_R03C01
Unk499,6317404035,R04C01,_ega-box-147_6317404035_R04C01
Unk500,6317404037,R01C01,_ega-box-147_6317404037_R01C01
Unk501,6317404037,R02C01,_ega-box-147_6317404037_R02C01
Unk502,6317404037,R03C01,_ega-box-147_6317404037_R03C01
Unk503,6317404037,R04C01,_ega-box-147_6317404037_R04C01
Unk504,6317404038,R01C01,_ega-box-147_6317404038_R01C01
Unk505,6317404038,R02C01,_ega-box-147_6317404038_R02C01
Unk506,6317404038,R03C01,_ega-box-147_6317404038_R03C01
Unk507,6317404038,R04C01,_ega-box-147_6317404038_R04C01
Unk508,6317404039,r01c01,_ega-box-147_6317404039_r01c01
Unk509,6317404039,r02c01,_ega-box-147_6317404039_r02c01
Unk510,6317404039,r04c01,_ega-box-147_6317404039_r04c01
Unk511,6317404041,R01C01,_ega-box-147_6317404041_R01C01
Unk512,6317404041,R02C01,_ega-box-147_6317404041_R02C01
Unk513,6317404041,R03C01,_ega-box-147_6317404041_R03C01
Unk514,6317404041,R04C01,_ega-box-147_6317404041_R04C01
Unk515,6317404043,R01C01,_ega-box-147_6317404043_R01C01
Unk516,6317404043,R02C01,_ega-box-147_6317404043_R02C01
Unk517,6317404043,R03C01,_ega-box-147_6317404043_R03C01
Unk518,6317404043,R04C01,_ega-box-147_6317404043_R04C01
Unk519,6317404044,R01C01,_ega-box-147_6317404044_R01C01
Unk520,6317404044,R02C01,_ega-box-147_6317404044_R02C01
Unk521,6317404044,R03C01,_ega-box-147_6317404044_R03C01
Unk522,6317404044,R04C01,_ega-box-147_6317404044_R04C01
Unk523,6317404045,R01C01,_ega-box-147_6317404045_R01C01
Unk524,6317404045,R02C01,_ega-box-147_6317404045_R02C01
Unk525,6317404045,R03C01,_ega-box-147_6317404045_R03C01
Unk526,6317404045,R04C01,_ega-box-147_6317404045_R04C01
Unk527,6317404047,R02C01,_ega-box-147_6317404047_R02C01
Unk528,6317404047,R03C01,_ega-box-147_6317404047_R03C01
Unk529,6317404047,R04C01,_ega-box-147_6317404047_R04C01
Unk530,6317404048,r01c01,_ega-box-147_6317404048_r01c01
Unk531,6317404048,r02c01,_ega-box-147_6317404048_r02c01
Unk532,6317404048,r04c01,_ega-box-147_6317404048_r04c01
Unk533,6317404052,R02C01,_ega-box-147_6317404052_R02C01
Unk534,6317404052,R03C01,_ega-box-147_6317404052_R03C01
Unk535,6317404052,R04C01,_ega-box-147_6317404052_R04C01
Unk536,6317404057,R01C01,_ega-box-147_6317404057_R01C01
Unk537,6317404057,R02C01,_ega-box-147_6317404057_R02C01
Unk538,6317404057,R03C01,_ega-box-147_6317404057_R03C01
Unk539,6317404057,R04C01,_ega-box-147_6317404057_R04C01
Unk540,6317404058,R01C01,_ega-box-147_6317404058_R01C01
Unk541,6317404058,R02C01,_ega-box-147_6317404058_R02C01
Unk542,6317404058,R03C01,_ega-box-147_6317404058_R03C01
Unk543,6317404058,R04C01,_ega-box-147_6317404058_R04C01
Unk544,6317404060,R01C01,_ega-box-147_6317404060_R01C01
Unk545,6317404060,R02C01,_ega-box-147_6317404060_R02C01
Unk546,6317404060,R04C01,_ega-box-147_6317404060_R04C01
Unk547,6317404061,R01C01,_ega-box-147_6317404061_R01C01
Unk548,6317404061,R02C01,_ega-box-147_6317404061_R02C01
Unk549,6317404061,R03C01,_ega-box-147_6317404061_R03C01
Unk550,6317404061,R04C01,_ega-box-147_6317404061_R04C01
Unk551,6317404062,R01C01,_ega-box-147_6317404062_R01C01
Unk552,6317404062,R02C01,_ega-box-147_6317404062_R02C01
Unk553,6317404062,R04C01,_ega-box-147_6317404062_R04C01
Unk554,6317404068,R01C01,_ega-box-147_6317404068_R01C01
Unk555,6317404068,R02C01,_ega-box-147_6317404068_R02C01
Unk556,6317404068,R03C01,_ega-box-147_6317404068_R03C01
Unk557,6317404068,R04C01,_ega-box-147_6317404068_R04C01
Unk558,6317404069,R02C01,_ega-box-147_6317404069_R02C01
Unk559,6317404069,R03C01,_ega-box-147_6317404069_R03C01
Unk560,6317404069,R04C01,_ega-box-147_6317404069_R04C01
Unk561,6317404071,R01C01,_ega-box-147_6317404071_R01C01
Unk562,6317404073,r01c01,_ega-box-147_6317404073_r01c01
Unk563,6317404073,R02C01,_ega-box-147_6317404073_R02C01
Unk564,6317404073,r03c01,_ega-box-147_6317404073_r03c01
Unk565,6317404073,R04C01,_ega-box-147_6317404073_R04C01
Unk566,6317404074,R01C01,_ega-box-147_6317404074_R01C01
Unk567,6317404074,R02C01,_ega-box-147_6317404074_R02C01
Unk568,6317404074,R03C01,_ega-box-147_6317404074_R03C01
Unk569,6317404074,R04C01,_ega-box-147_6317404074_R04C01
Unk570,6317404079,R02C01,_ega-box-147_6317404079_R02C01
Unk571,6317404080,R01C01,_ega-box-147_6317404080_R01C01
Unk572,6317404080,R02C01,_ega-box-147_6317404080_R02C01
Unk573,6317404080,R03C01,_ega-box-147_6317404080_R03C01
Unk574,6317404080,R04C01,_ega-box-147_6317404080_R04C01
Unk575,6317404081,R01C01,_ega-box-147_6317404081_R01C01
Unk576,6317404081,R02C01,_ega-box-147_6317404081_R02C01
Unk577,6317404081,R03C01,_ega-box-147_6317404081_R03C01
Unk578,6317404081,R04C01,_ega-box-147_6317404081_R04C01
Unk579,6317404084,R01C01,_ega-box-147_6317404084_R01C01
Unk580,6317404084,R02C01,_ega-box-147_6317404084_R02C01
Unk581,6317404084,R03C01,_ega-box-147_6317404084_R03C01
Unk582,6317404084,R04C01,_ega-box-147_6317404084_R04C01
Unk583,6317404086,R02C01,_ega-box-147_6317404086_R02C01
Unk584,6317404091,r02c01,_ega-box-147_6317404091_r02c01
Unk585,6317404091,r03c01,_ega-box-147_6317404091_r03c01
Unk586,6317404091,r04c01,_ega-box-147_6317404091_r04c01
Unk587,6317404092,R01C01,_ega-box-147_6317404092_R01C01
Unk588,6317404092,R02C01,_ega-box-147_6317404092_R02C01
Unk589,6317404093,R01C01,_ega-box-147_6317404093_R01C01
Unk590,6317404093,R02C01,_ega-box-147_6317404093_R02C01
Unk591,6317404093,R03C01,_ega-box-147_6317404093_R03C01
Unk592,6317404093,R04C01,_ega-box-147_6317404093_R04C01
Unk593,6317404094,R04C01,_ega-box-147_6317404094_R04C01
Unk594,6317404096,R02C01,_ega-box-147_6317404096_R02C01
Unk595,6317404096,R03C01,_ega-box-147_6317404096_R03C01
Unk596,6317404096,R04C01,_ega-box-147_6317404096_R04C01
Unk597,6317404100,r01c01,_ega-box-147_6317404100_r01c01
Unk598,6317404100,r02c01,_ega-box-147_6317404100_r02c01
Unk599,6317404100,r03c01,_ega-box-147_6317404100_r03c01
Unk600,6317404100,r04c01,_ega-box-147_6317404100_r04c01
Unk601,6317404101,R01C01,_ega-box-147_6317404101_R01C01
Unk602,6317404101,R02C01,_ega-box-147_6317404101_R02C01
Unk603,6317404101,R03C01,_ega-box-147_6317404101_R03C01
Unk604,6317404101,R04C01,_ega-box-147_6317404101_R04C01
Unk605,6317404102,R01C01,_ega-box-147_6317404102_R01C01
Unk606,6317404102,R02C01,_ega-box-147_6317404102_R02C01
Unk607,6317404102,R03C01,_ega-box-147_6317404102_R03C01
Unk608,6317404102,R04C01,_ega-box-147_6317404102_R04C01
Unk609,6776934003,r01c01,_ega-box-147_6776934003_r01c01
Unk610,6776934007,r01c01,_ega-box-147_6776934007_r01c01
Unk611,6776934007,r02c01,_ega-box-147_6776934007_r02c01
Unk612,6776934007,r03c01,_ega-box-147_6776934007_r03c01
Unk613,6776934009,r02c01,_ega-box-147_6776934009_r02c01
Unk614,7500673001,r01c01,_ega-box-147_7500673001_r01c01
Unk615,7500673001,r02c01,_ega-box-147_7500673001_r02c01
Unk616,7500673001,r03c01,_ega-box-147_7500673001_r03c01
Unk617,7500673001,r04c01,_ega-box-147_7500673001_r04c01
Unk618,7500673002,r02c01,_ega-box-147_7500673002_r02c01
Unk619,7659844056,r01c01,_ega-box-147_7659844056_r01c01
Unk620,7659844056,r02c01,_ega-box-147_7659844056_r02c01
Unk621,7659844056,r03c01,_ega-box-147_7659844056_r03c01
Unk622,7659844056,r04c01,_ega-box-147_7659844056_r04c01
Unk623,7797008009,R01C01,_ega-box-147_7797008009_R01C01
Unk624,7802903007,r01c01,_ega-box-147_7802903007_r01c01
Unk625,7802903007,r02c01,_ega-box-147_7802903007_r02c01
Unk626,7802903007,r03c01,_ega-box-147_7802903007_r03c01
Unk627,7802903007,r04c01,_ega-box-147_7802903007_r04c01
Unk628,7802903008,r02c01,_ega-box-147_7802903008_r02c01
Unk629,7802903008,r03c01,_ega-box-147_7802903008_r03c01
Unk630,7802903008,r04c01,_ega-box-147_7802903008_r04c01
Unk631,7802903011,r02c01,_ega-box-147_7802903011_r02c01
Unk632,7802903011,r03c01,_ega-box-147_7802903011_r03c01
Unk633,7802903014,r01c01,_ega-box-147_7802903014_r01c01
Unk634,7802903014,r03c01,_ega-box-147_7802903014_r03c01
Unk635,7802903014,r04c01,_ega-box-147_7802903014_r04c01
Unk636,7802903019,r01c01,_ega-box-147_7802903019_r01c01
Unk637,7802903019,r02c01,_ega-box-147_7802903019_r02c01
Unk638,7802903019,r03c01,_ega-box-147_7802903019_r03c01
Unk639,7802903019,r04c01,_ega-box-147_7802903019_r04c01
Unk640,7802903031,r02c01,_ega-box-147_7802903031_r02c01
Unk641,7802903031,r03c01,_ega-box-147_7802903031_r03c01
Unk642,7802903031,r04c01,_ega-box-147_7802903031_r04c01
Unk643,7802903033,r01c01,_ega-box-147_7802903033_r01c01
Unk644,7802903033,r02c01,_ega-box-147_7802903033_r02c01
Unk645,7802903033,r03c01,_ega-box-147_7802903033_r03c01
Unk646,7802903043,r01c01,_ega-box-147_7802903043_r01c01
Unk647,7802903043,r03c01,_ega-box-147_7802903043_r03c01
Unk648,7814197033,r03c01,_ega-box-147_7814197033_r03c01
Unk649,7814197039,r04c01,_ega-box-147_7814197039_r04c01
Unk650,7814197042,R01C01,_ega-box-147_7814197042_R01C01
Unk651,7814197056,R02C01,_ega-box-147_7814197056_R02C01
Unk652,7814197056,R03C01,_ega-box-147_7814197056_R03C01
Unk653,7814197057,R02C01,_ega-box-147_7814197057_R02C01
Unk654,7814197061,r01c01,_ega-box-147_7814197061_r01c01
Unk655,7814197061,r02c01,_ega-box-147_7814197061_r02c01
Unk656,7814197061,r03c01,_ega-box-147_7814197061_r03c01
Unk657,7814197061,r04c01,_ega-box-147_7814197061_r04c01
Unk658,7814197062,r03c01,_ega-box-147_7814197062_r03c01
Unk659,7814197062,r04c01,_ega-box-147_7814197062_r04c01
Unk660,7814197063,r01c01,_ega-box-147_7814197063_r01c01
Unk661,7814197063,r02c01,_ega-box-147_7814197063_r02c01
Unk662,7814197063,r03c01,_ega-box-147_7814197063_r03c01
Unk663,7814197065,r01c01,_ega-box-147_7814197065_r01c01
Unk664,7814197065,r02c01,_ega-box-147_7814197065_r02c01
Unk665,7814197065,r04c01,_ega-box-147_7814197065_r04c01
Unk666,7814197101,r01c01,_ega-box-147_7814197101_r01c01
Unk667,7814197101,r03c01,_ega-box-147_7814197101_r03c01
Unk668,7814197101,r04c01,_ega-box-147_7814197101_r04c01
